total,used,free,shared,buffers,cached
80561,851,79710,0,19,191
80561,853,79708,0,19,191
80561,853,79708,0,19,191
80561,853,79707,0,19,191
80561,854,79707,0,19,191
80561,854,79707,0,19,191
80561,855,79706,0,19,191
80561,855,79706,0,19,191
80561,855,79705,0,19,191
80561,856,79705,0,19,191
80561,856,79705,0,19,191
80561,856,79705,0,19,191
80561,856,79704,0,19,191
80561,856,79704,0,19,191
80561,857,79704,0,19,191
80561,856,79704,0,19,191
80561,856,79704,0,19,191
80561,857,79704,0,19,191
80561,857,79703,0,19,191
80561,858,79703,0,19,191
80561,858,79702,0,19,191
80561,857,79704,0,19,191
80561,858,79703,0,19,191
80561,858,79703,0,19,191
80561,858,79703,0,19,191
80561,858,79703,0,19,191
80561,858,79703,0,19,191
80561,857,79703,0,19,191
80561,858,79703,0,19,191
80561,857,79703,0,19,191
80561,857,79703,0,19,191
80561,858,79703,0,19,191
80561,858,79703,0,19,191
80561,858,79703,0,19,191
80561,858,79702,0,19,191
80561,858,79702,0,19,191
80561,859,79702,0,19,191
80561,859,79701,0,19,191
80561,859,79701,0,19,191
80561,859,79701,0,19,191
80561,860,79701,0,19,191
80561,859,79701,0,19,191
80561,860,79701,0,19,191
80561,860,79701,0,19,191
80561,860,79701,0,19,191
80561,860,79701,0,19,191
80561,860,79700,0,19,191
80561,859,79701,0,19,191
80561,860,79701,0,19,191
80561,861,79700,0,19,191
80561,860,79700,0,19,191
80561,860,79701,0,19,191
80561,860,79701,0,19,191
80561,859,79701,0,19,191
80561,860,79701,0,19,191
80561,859,79701,0,19,191
80561,860,79701,0,19,191
80561,859,79702,0,19,191
80561,859,79702,0,19,191
80561,859,79702,0,19,191
80561,859,79702,0,19,191
80561,859,79702,0,19,191
80561,859,79702,0,19,191
80561,859,79701,0,19,191
80561,860,79701,0,19,191
80561,860,79701,0,19,191
80561,860,79701,0,19,191
80561,860,79701,0,19,191
80561,860,79700,0,19,191
80561,860,79701,0,19,191
80561,860,79701,0,19,191
80561,860,79701,0,19,191
80561,859,79702,0,19,191
80561,859,79701,0,19,191
80561,860,79701,0,19,191
80561,827,79734,0,6,166
80561,857,79704,0,10,189
80561,890,79671,0,10,212
80561,922,79639,0,10,244
80561,960,79601,0,10,279
80561,1013,79548,0,10,317
80561,1042,79519,0,10,335
80561,1072,79489,0,10,343
80561,1107,79454,0,10,375
80561,1141,79420,0,10,408
80561,1174,79387,0,10,431
80561,1182,79378,0,10,432
80561,1207,79354,0,10,433
80561,1235,79325,0,10,434
80561,1258,79302,0,10,435
80561,1307,79254,0,10,473
80561,1364,79197,0,10,507
80561,1423,79138,0,10,551
80561,1486,79075,0,10,586
80561,1547,79014,0,10,634
80561,1610,78951,0,10,671
80561,1669,78891,0,10,712
80561,1741,78820,0,10,754
80561,1822,78739,0,10,807
80561,1823,78737,0,10,807
80561,1823,78738,0,10,807
80561,1823,78738,0,10,807
80561,1822,78738,0,10,807
80561,1822,78739,0,10,807
80561,1822,78739,0,10,807
80561,1821,78740,0,10,807
80561,1819,78741,0,10,807
80561,1820,78741,0,10,807
80561,1819,78741,0,10,807
80561,1821,78740,0,11,807
80561,1822,78738,0,11,808
80561,1822,78739,0,11,808
80561,1821,78740,0,11,808
80561,1822,78739,0,11,808
80561,1821,78739,0,11,808
80561,1823,78737,0,11,809
80561,1824,78737,0,11,809
80561,1823,78738,0,11,809
80561,1822,78738,0,11,809
80561,1822,78739,0,11,809
80561,1821,78739,0,11,809
80561,1821,78739,0,11,809
80561,1822,78739,0,11,809
80561,1822,78739,0,11,809
80561,1822,78739,0,11,809
80561,1821,78740,0,11,809
80561,1821,78739,0,11,809
80561,1822,78739,0,11,809
80561,1822,78739,0,11,809
80561,1822,78739,0,11,809
80561,1822,78739,0,11,809
80561,1821,78739,0,11,809
80561,1822,78739,0,11,810
80561,1822,78739,0,11,810
80561,1822,78738,0,11,810
80561,1822,78739,0,11,810
80561,1822,78739,0,11,810
80561,1822,78739,0,11,810
80561,1822,78739,0,11,810
80561,1822,78739,0,11,810
80561,1822,78739,0,11,810
80561,1823,78737,0,11,810
80561,1824,78737,0,11,810
80561,1823,78737,0,11,810
80561,1823,78738,0,11,810
80561,1823,78737,0,11,810
80561,1823,78737,0,11,810
80561,1824,78737,0,11,810
80561,1823,78738,0,11,810
80561,1823,78738,0,11,810
80561,1822,78739,0,11,810
80561,1822,78739,0,11,810
80561,1822,78738,0,11,810
80561,1822,78739,0,11,810
80561,1822,78739,0,11,810
80561,1821,78739,0,11,810
80561,1822,78739,0,11,810
80561,1821,78739,0,11,810
80561,1821,78740,0,11,810
80561,1821,78740,0,11,810
80561,1821,78740,0,11,810
80561,1821,78740,0,11,810
80561,1821,78740,0,11,810
80561,1821,78740,0,11,810
80561,1822,78739,0,11,810
80561,1822,78739,0,11,810
80561,1822,78739,0,11,810
80561,1822,78739,0,11,810
80561,1822,78739,0,11,810
80561,1822,78739,0,11,810
80561,1822,78739,0,11,810
80561,1822,78739,0,11,810
80561,1822,78739,0,11,810
80561,1822,78739,0,11,810
80561,1821,78740,0,11,810
80561,1822,78739,0,11,810
80561,1821,78739,0,11,810
80561,1821,78740,0,11,810
80561,1821,78740,0,11,810
80561,1820,78740,0,11,810
80561,1821,78740,0,11,810
80561,1820,78741,0,11,810
80561,1820,78740,0,11,810
80561,1820,78740,0,11,810
80561,1820,78740,0,11,810
80561,1820,78740,0,11,810
80561,1820,78741,0,11,810
80561,1820,78741,0,11,810
80561,1820,78741,0,11,810
80561,1820,78740,0,11,810
80561,1819,78741,0,11,810
80561,1819,78742,0,11,810
80561,1819,78742,0,11,810
80561,1819,78741,0,11,810
80561,1819,78741,0,11,810
80561,1819,78741,0,11,810
80561,1819,78741,0,11,810
80561,1820,78741,0,11,810
80561,1819,78741,0,11,810
80561,1819,78741,0,11,810
80561,1819,78741,0,11,810
80561,1819,78741,0,11,810
80561,1820,78741,0,11,810
80561,1819,78741,0,11,810
80561,1819,78742,0,11,810
80561,1819,78742,0,11,810
80561,1819,78742,0,11,810
80561,1819,78742,0,11,810
80561,1819,78742,0,11,810
80561,1819,78742,0,11,810
80561,1818,78742,0,11,810
80561,1820,78741,0,11,810
80561,1820,78741,0,11,810
80561,1820,78741,0,11,810
80561,1820,78740,0,11,810
80561,1821,78740,0,11,810
80561,1821,78740,0,11,810
80561,1820,78741,0,11,810
80561,1820,78741,0,11,810
80561,1820,78740,0,11,810
80561,1821,78740,0,11,810
80561,1821,78740,0,11,810
80561,1821,78740,0,11,810
80561,1820,78741,0,11,810
80561,1820,78741,0,11,810
80561,1820,78741,0,11,810
80561,1820,78741,0,11,810
80561,1820,78740,0,11,810
80561,1820,78741,0,11,810
80561,1822,78739,0,11,810
80561,1820,78740,0,11,810
80561,1821,78740,0,11,810
80561,1820,78741,0,11,810
80561,1820,78740,0,11,810
80561,1820,78741,0,11,810
80561,1821,78740,0,11,810
80561,1820,78741,0,11,810
80561,1820,78741,0,11,810
80561,1820,78741,0,11,810
80561,1819,78742,0,11,810
80561,1819,78742,0,11,810
80561,1820,78741,0,11,810
80561,1819,78742,0,11,810
80561,1819,78741,0,11,810
80561,1820,78741,0,11,810
80561,1819,78741,0,11,810
80561,1819,78741,0,11,810
80561,1819,78742,0,11,810
80561,1820,78741,0,11,810
80561,1819,78741,0,11,810
80561,1820,78741,0,11,810
80561,1820,78741,0,11,810
80561,1820,78741,0,11,810
80561,1820,78740,0,11,810
80561,1819,78741,0,11,810
80561,1819,78741,0,11,810
80561,1819,78741,0,11,810
80561,1820,78741,0,11,810
80561,1820,78741,0,11,810
80561,1820,78741,0,11,810
80561,1820,78741,0,11,810
80561,1821,78740,0,11,810
80561,1820,78740,0,11,810
80561,1820,78740,0,11,810
80561,1820,78740,0,11,810
80561,1820,78740,0,11,810
80561,1820,78740,0,11,810
80561,1820,78740,0,11,810
80561,1820,78741,0,11,810
80561,1820,78741,0,11,810
80561,1819,78741,0,11,810
80561,1819,78742,0,11,810
80561,1819,78742,0,11,810
80561,1819,78741,0,11,810
80561,1819,78742,0,11,810
80561,1819,78741,0,11,810
80561,1818,78742,0,11,810
80561,1819,78742,0,11,810
80561,1819,78742,0,11,810
80561,1818,78742,0,11,810
80561,1819,78742,0,11,810
80561,1818,78742,0,11,810
80561,1818,78743,0,11,810
80561,1817,78743,0,11,810
80561,1818,78743,0,11,810
80561,1818,78743,0,11,810
80561,1818,78743,0,11,810
80561,1818,78743,0,11,810
80561,1818,78743,0,11,810
80561,1818,78743,0,11,810
80561,1817,78744,0,11,810
80561,1817,78743,0,11,810
80561,1817,78744,0,11,810
80561,1818,78743,0,11,810
80561,1818,78743,0,11,810
80561,1817,78744,0,11,810
80561,1817,78744,0,11,810
80561,1817,78744,0,11,810
80561,1817,78744,0,11,810
80561,1817,78744,0,11,810
80561,1817,78744,0,11,810
80561,1816,78745,0,11,810
80561,1816,78745,0,11,810
80561,1816,78745,0,11,810
80561,1816,78745,0,11,810
80561,1815,78746,0,11,810
80561,1816,78745,0,11,810
80561,1816,78745,0,11,810
80561,1816,78745,0,11,810
80561,1816,78744,0,11,810
80561,1817,78744,0,11,810
80561,1816,78744,0,11,810
80561,1816,78744,0,11,810
80561,1817,78744,0,11,810
80561,1816,78744,0,11,810
80561,1817,78744,0,11,810
80561,1817,78744,0,11,810
80561,1816,78744,0,11,810
80561,1817,78744,0,11,810
80561,1816,78745,0,11,810
80561,1818,78743,0,11,810
80561,1817,78743,0,11,810
80561,1818,78743,0,11,810
80561,1817,78743,0,11,810
80561,1818,78743,0,11,810
80561,1818,78743,0,11,810
80561,1817,78744,0,11,810
80561,1817,78744,0,11,810
80561,1817,78744,0,11,810
80561,1817,78744,0,11,810
80561,1817,78744,0,11,810
80561,1817,78744,0,11,810
80561,1817,78744,0,11,810
80561,1817,78744,0,11,810
80561,1816,78744,0,11,810
80561,1816,78744,0,11,810
80561,1817,78744,0,11,810
80561,1816,78745,0,11,810
80561,1817,78744,0,11,810
80561,1817,78744,0,11,810
80561,1817,78744,0,11,810
80561,1817,78744,0,11,810
80561,1817,78744,0,11,810
80561,1817,78744,0,11,810
80561,1817,78744,0,11,810
80561,1817,78744,0,11,810
80561,1817,78744,0,11,810
80561,1817,78744,0,11,810
80561,1817,78744,0,11,810
80561,1817,78744,0,11,810
80561,1817,78744,0,11,810
80561,1816,78744,0,11,810
80561,1816,78745,0,11,810
80561,1816,78745,0,11,810
80561,1816,78745,0,11,810
80561,1816,78745,0,11,810
80561,1816,78745,0,11,810
80561,1815,78745,0,11,810
80561,1816,78745,0,11,810
80561,1816,78744,0,11,810
80561,1816,78745,0,11,810
80561,1816,78744,0,11,810
80561,1816,78744,0,11,810
80561,1816,78744,0,11,810
80561,1816,78745,0,11,810
80561,1816,78745,0,11,810
80561,1815,78745,0,11,810
80561,1816,78745,0,11,810
80561,1815,78746,0,11,810
80561,1816,78745,0,11,810
80561,1816,78745,0,11,810
80561,1816,78744,0,11,810
80561,1816,78745,0,11,810
80561,1817,78744,0,11,810
80561,1816,78744,0,11,810
80561,1816,78745,0,11,810
80561,1816,78745,0,11,810
80561,1816,78744,0,11,810
80561,1817,78744,0,11,810
80561,1817,78744,0,11,810
80561,1817,78744,0,11,810
80561,1816,78744,0,11,810
80561,1817,78744,0,11,810
80561,1817,78744,0,11,810
80561,1816,78745,0,11,810
80561,1816,78744,0,11,810
80561,1816,78744,0,11,810
80561,1817,78743,0,11,810
80561,1817,78743,0,11,810
80561,1817,78743,0,11,810
80561,1817,78743,0,11,810
80561,1817,78744,0,11,810
80561,1817,78743,0,11,810
80561,1818,78743,0,11,810
80561,1817,78743,0,11,810
80561,1817,78744,0,11,810
80561,1817,78744,0,11,810
80561,1817,78743,0,11,810
80561,1817,78743,0,11,810
80561,1817,78744,0,11,810
80561,1817,78744,0,11,810
80561,1817,78744,0,11,810
80561,1817,78743,0,11,810
80561,1817,78744,0,11,810
80561,1818,78743,0,11,810
80561,1818,78743,0,11,810
80561,1818,78743,0,11,810
80561,1818,78743,0,11,810
80561,1817,78744,0,11,810
80561,1816,78744,0,11,810
80561,1816,78744,0,11,810
80561,1816,78744,0,11,810
80561,1816,78745,0,11,810
80561,1817,78744,0,11,810
80561,1817,78744,0,11,810
80561,1816,78744,0,11,810
80561,1817,78744,0,11,810
80561,1817,78744,0,11,810
80561,1817,78743,0,11,810
80561,1818,78743,0,11,810
80561,1818,78743,0,11,810
80561,1818,78743,0,11,810
80561,1816,78744,0,11,810
80561,1816,78744,0,11,810
80561,1816,78745,0,11,810
80561,1817,78744,0,11,810
80561,1816,78744,0,11,810
80561,1816,78745,0,11,810
80561,1816,78745,0,11,810
80561,1816,78744,0,11,810
80561,1816,78745,0,11,810
80561,1816,78745,0,11,810
80561,1816,78744,0,11,810
80561,1816,78744,0,11,810
80561,1803,78758,0,11,810
80561,1801,78759,0,11,810
80561,1802,78759,0,11,810
80561,1801,78760,0,11,810
80561,1802,78759,0,11,810
80561,1802,78759,0,11,810
80561,1801,78759,0,11,810
80561,1801,78760,0,11,810
80561,1801,78760,0,11,810
80561,1801,78759,0,11,810
80561,1801,78759,0,11,810
80561,1802,78759,0,11,810
80561,1802,78759,0,11,810
80561,1801,78759,0,11,810
80561,1801,78760,0,11,810
80561,1801,78760,0,11,810
80561,1801,78760,0,11,810
80561,1801,78759,0,11,810
80561,1801,78760,0,11,810
80561,1801,78760,0,11,810
80561,1801,78759,0,11,810
80561,1801,78760,0,11,810
80561,1801,78760,0,11,810
80561,1801,78760,0,11,810
80561,1801,78760,0,11,810
80561,1801,78760,0,11,810
80561,1801,78760,0,11,810
80561,1802,78759,0,11,810
80561,1801,78760,0,11,810
80561,1801,78760,0,11,810
80561,1801,78760,0,11,810
80561,1800,78761,0,11,810
80561,1800,78760,0,11,810
80561,1800,78760,0,11,810
80561,1801,78760,0,11,810
80561,1801,78760,0,11,810
80561,1801,78760,0,11,810
80561,1801,78760,0,11,810
80561,1801,78760,0,11,810
80561,1800,78760,0,11,810
80561,1800,78760,0,11,810
80561,1800,78760,0,11,810
80561,1800,78761,0,11,810
80561,1800,78761,0,11,810
80561,1799,78762,0,11,810
80561,1800,78761,0,11,810
80561,1799,78762,0,11,810
80561,1800,78761,0,11,810
80561,1799,78762,0,11,810
80561,1799,78761,0,11,810
80561,1799,78762,0,11,810
80561,1799,78762,0,11,810
80561,1800,78761,0,11,810
80561,1799,78761,0,11,810
80561,1799,78761,0,11,810
80561,1800,78761,0,11,810
80561,1800,78761,0,11,810
80561,1800,78760,0,11,810
80561,1800,78761,0,11,810
80561,1800,78761,0,11,810
80561,1800,78760,0,11,810
80561,1801,78760,0,11,810
80561,1800,78761,0,11,810
80561,1800,78761,0,11,810
80561,1800,78761,0,11,810
80561,1800,78761,0,11,810
80561,1800,78760,0,11,810
80561,1800,78761,0,11,810
80561,1800,78760,0,11,810
80561,1801,78760,0,11,810
80561,1801,78759,0,11,810
80561,1801,78760,0,11,810
80561,1801,78759,0,11,810
80561,1801,78760,0,11,810
80561,1801,78760,0,11,810
80561,1803,78758,0,11,810
80561,1803,78758,0,11,810
80561,1803,78758,0,11,810
80561,1803,78757,0,11,810
80561,1803,78758,0,11,810
80561,1803,78758,0,11,810
80561,1803,78757,0,11,810
80561,1803,78757,0,11,810
80561,1803,78758,0,11,810
80561,1803,78758,0,11,810
80561,1803,78758,0,11,810
80561,1803,78757,0,11,810
80561,1804,78757,0,11,810
80561,1804,78757,0,11,810
80561,1803,78758,0,11,810
80561,1803,78757,0,11,810
80561,1803,78758,0,11,810
80561,1802,78759,0,11,810
80561,1802,78758,0,11,810
80561,1803,78757,0,11,810
80561,1803,78758,0,11,810
80561,1803,78757,0,11,810
80561,1803,78758,0,11,810
80561,1803,78758,0,11,810
80561,1803,78758,0,11,810
80561,1803,78758,0,11,810
80561,1803,78758,0,11,810
80561,1803,78757,0,11,810
80561,1802,78759,0,11,810
80561,1802,78758,0,11,810
80561,1803,78758,0,11,810
80561,1802,78758,0,11,810
80561,1803,78757,0,11,810
80561,1803,78758,0,11,810
80561,1803,78758,0,11,810
80561,1803,78758,0,11,810
80561,1803,78758,0,11,810
80561,1802,78758,0,11,810
80561,1803,78758,0,11,810
80561,1803,78758,0,11,810
80561,1803,78758,0,11,810
80561,1802,78758,0,11,810
80561,1802,78759,0,11,810
80561,1802,78758,0,11,810
80561,1803,78758,0,11,810
80561,1802,78758,0,11,810
80561,1802,78759,0,11,810
80561,1802,78759,0,11,810
80561,1801,78760,0,11,810
80561,1801,78759,0,11,810
80561,1801,78760,0,11,810
80561,1802,78759,0,11,810
80561,1802,78759,0,11,810
80561,1802,78759,0,11,810
80561,1801,78759,0,11,810
80561,1800,78760,0,11,810
80561,1801,78760,0,11,810
80561,1800,78761,0,11,810
80561,1800,78760,0,11,810
80561,1801,78760,0,11,810
80561,1800,78761,0,11,810
80561,1800,78761,0,11,810
80561,1800,78760,0,11,810
80561,1801,78760,0,11,810
80561,1801,78760,0,11,810
80561,1801,78759,0,11,810
80561,1800,78760,0,11,810
80561,1800,78761,0,11,810
80561,1800,78761,0,11,810
80561,1800,78761,0,11,810
80561,1800,78761,0,11,810
80561,1799,78761,0,11,810
80561,1800,78761,0,11,810
80561,1799,78761,0,11,810
80561,1800,78761,0,11,810
80561,1799,78761,0,11,810
80561,1800,78761,0,11,810
80561,1800,78761,0,11,810
80561,1800,78761,0,11,810
80561,1800,78761,0,11,810
80561,1800,78761,0,11,810
80561,1800,78760,0,11,810
80561,1800,78760,0,11,810
80561,1800,78760,0,11,810
80561,1801,78760,0,11,810
80561,1801,78760,0,11,810
80561,1801,78760,0,11,810
80561,1800,78760,0,11,810
80561,1801,78760,0,11,810
80561,1801,78759,0,11,810
80561,1801,78760,0,11,810
80561,1801,78760,0,11,810
80561,1801,78760,0,11,810
80561,1801,78759,0,11,810
80561,1801,78759,0,11,810
80561,1801,78759,0,11,810
80561,1801,78759,0,11,810
80561,1801,78759,0,11,810
80561,1801,78759,0,11,810
80561,1802,78758,0,11,810
80561,1801,78759,0,11,810
80561,1802,78759,0,11,810
80561,1802,78759,0,11,810
80561,1803,78758,0,11,810
80561,1802,78758,0,11,810
80561,1802,78758,0,11,810
80561,1802,78758,0,11,810
80561,1802,78759,0,11,810
80561,1802,78758,0,11,810
80561,1802,78758,0,11,810
80561,1802,78758,0,11,810
80561,1802,78758,0,11,810
80561,1802,78759,0,11,810
80561,1802,78758,0,11,810
80561,1803,78758,0,11,810
80561,1802,78758,0,11,810
80561,1802,78759,0,11,810
80561,1802,78758,0,11,810
80561,1802,78759,0,11,810
80561,1803,78758,0,11,810
80561,1803,78758,0,11,810
80561,1802,78758,0,11,810
80561,1802,78759,0,11,810
80561,1802,78759,0,11,810
80561,1802,78758,0,11,810
80561,1802,78758,0,11,810
80561,1802,78759,0,11,810
80561,1801,78760,0,11,810
80561,1801,78759,0,11,810
80561,1801,78760,0,11,810
80561,1801,78760,0,11,810
80561,1801,78760,0,11,810
80561,1801,78760,0,11,810
80561,1801,78760,0,11,810
80561,1801,78760,0,11,810
80561,1800,78760,0,11,810
80561,1801,78760,0,11,810
80561,1800,78760,0,11,810
80561,1801,78759,0,11,810
80561,1801,78760,0,11,810
80561,1801,78760,0,11,810
80561,1800,78760,0,11,810
80561,1800,78761,0,11,810
80561,1801,78760,0,11,810
80561,1800,78761,0,11,810
80561,1800,78761,0,11,810
80561,1800,78761,0,11,810
80561,1799,78761,0,11,810
80561,1800,78761,0,11,810
80561,1799,78761,0,11,810
80561,1800,78760,0,11,810
80561,1800,78761,0,11,810
80561,1800,78761,0,11,810
80561,1800,78761,0,11,810
80561,1800,78760,0,11,810
80561,1800,78760,0,11,810
80561,1800,78761,0,11,810
80561,1799,78761,0,11,810
80561,1799,78761,0,11,810
80561,1799,78761,0,11,810
80561,1799,78761,0,11,810
80561,1800,78760,0,11,810
80561,1800,78761,0,11,810
80561,1799,78762,0,11,810
80561,1799,78762,0,11,810
80561,1800,78761,0,11,810
80561,1799,78761,0,11,810
80561,1799,78762,0,11,810
80561,1798,78762,0,11,810
80561,1799,78762,0,11,810
80561,1798,78762,0,11,810
80561,1799,78762,0,11,810
80561,1799,78762,0,11,810
80561,1799,78762,0,11,810
80561,1799,78761,0,11,810
80561,1800,78761,0,11,810
80561,1800,78761,0,11,810
80561,1800,78760,0,11,810
80561,1800,78761,0,11,810
80561,1800,78761,0,11,810
80561,1800,78761,0,11,810
80561,1800,78761,0,11,810
80561,1799,78761,0,11,810
80561,1800,78761,0,11,810
80561,1799,78762,0,11,810
80561,1800,78761,0,11,810
80561,1799,78761,0,11,810
80561,1800,78761,0,11,810
80561,1799,78761,0,11,810
80561,1800,78761,0,11,810
80561,1800,78761,0,11,810
80561,1800,78761,0,11,810
80561,1801,78760,0,11,810
80561,1804,78757,0,11,810
80561,1804,78756,0,11,810
80561,1804,78756,0,11,810
80561,1803,78757,0,11,810
80561,1803,78757,0,11,810
80561,1804,78757,0,11,810
80561,1804,78756,0,11,810
80561,1803,78757,0,11,810
80561,1804,78757,0,11,810
80561,1804,78757,0,11,810
80561,1803,78758,0,11,810
80561,1803,78758,0,11,810
80561,1803,78758,0,11,810
80561,1803,78758,0,11,810
80561,1803,78758,0,11,810
80561,1803,78757,0,11,810
80561,1803,78758,0,11,810
80561,1803,78758,0,11,810
80561,1803,78758,0,11,810
80561,1803,78757,0,11,810
80561,1804,78757,0,11,810
80561,1803,78758,0,11,810
80561,1803,78758,0,11,810
80561,1803,78758,0,11,810
80561,1802,78759,0,11,810
80561,1802,78759,0,11,810
80561,1803,78758,0,11,810
80561,1802,78758,0,11,810
80561,1802,78758,0,11,810
80561,1802,78759,0,11,810
80561,1802,78758,0,11,810
80561,1802,78759,0,11,810
80561,1802,78758,0,11,810
80561,1802,78759,0,11,810
80561,1801,78759,0,11,810
80561,1802,78758,0,11,810
80561,1803,78758,0,11,810
80561,1802,78759,0,11,810
80561,1802,78758,0,11,810
80561,1802,78758,0,11,810
80561,1802,78759,0,11,810
80561,1802,78759,0,11,810
80561,1802,78759,0,11,810
80561,1802,78758,0,11,810
80561,1802,78759,0,11,810
80561,1801,78759,0,11,810
80561,1802,78758,0,11,810
80561,1802,78758,0,11,810
80561,1803,78758,0,11,810
80561,1802,78758,0,11,810
80561,1803,78758,0,11,810
80561,1802,78759,0,11,810
80561,1801,78759,0,11,810
80561,1801,78760,0,11,810
80561,1801,78759,0,11,810
80561,1801,78759,0,11,810
80561,1802,78759,0,11,810
80561,1802,78759,0,11,810
80561,1802,78759,0,11,810
80561,1802,78758,0,11,810
80561,1802,78758,0,11,810
80561,1802,78758,0,11,810
80561,1802,78758,0,11,810
80561,1803,78758,0,11,810
80561,1803,78758,0,11,810
80561,1803,78758,0,11,810
80561,1802,78759,0,11,810
80561,1802,78758,0,11,810
80561,1802,78758,0,11,810
80561,1802,78759,0,11,810
80561,1802,78759,0,11,810
80561,1802,78758,0,11,810
80561,1803,78758,0,11,810
80561,1803,78758,0,11,810
80561,1803,78758,0,11,810
80561,1803,78758,0,11,810
80561,1802,78758,0,11,810
80561,1802,78759,0,11,810
80561,1803,78758,0,11,810
80561,1803,78758,0,11,810
80561,1803,78758,0,11,810
80561,1802,78759,0,11,810
80561,1802,78759,0,11,810
80561,1803,78758,0,11,810
80561,1803,78758,0,11,810
80561,1802,78759,0,11,810
80561,1802,78758,0,11,810
80561,1802,78759,0,11,810
80561,1802,78759,0,11,810
80561,1801,78760,0,11,810
80561,1801,78760,0,11,810
80561,1801,78760,0,11,810
80561,1800,78761,0,11,810
80561,1801,78760,0,11,810
80561,1801,78759,0,11,810
80561,1802,78759,0,11,810
80561,1801,78759,0,11,810
80561,1802,78759,0,11,810
80561,1802,78759,0,11,810
80561,1802,78758,0,11,810
80561,1801,78759,0,11,810
80561,1802,78759,0,11,810
80561,1802,78759,0,11,810
80561,1802,78759,0,11,810
80561,1801,78759,0,11,810
80561,1802,78759,0,11,810
80561,1802,78759,0,11,810
80561,1802,78759,0,11,810
80561,1802,78759,0,11,810
80561,1802,78758,0,11,810
80561,1802,78759,0,11,810
80561,1802,78759,0,11,810
80561,1802,78759,0,11,810
80561,1802,78759,0,11,810
80561,1802,78758,0,11,810
80561,1802,78758,0,11,810
80561,1802,78758,0,11,810
80561,1803,78758,0,11,810
80561,1803,78758,0,11,810
80561,1803,78758,0,11,810
80561,1802,78758,0,11,810
80561,1803,78758,0,11,810
80561,1803,78758,0,11,810
80561,1803,78758,0,11,810
80561,1803,78758,0,11,810
80561,1803,78758,0,11,810
80561,1802,78758,0,11,810
80561,1802,78758,0,11,810
80561,1802,78759,0,11,810
80561,1802,78759,0,11,810
80561,1802,78759,0,11,810
80561,1802,78759,0,11,810
80561,1802,78759,0,11,810
80561,1803,78758,0,11,810
80561,1802,78758,0,11,810
80561,1802,78759,0,11,810
80561,1802,78759,0,11,810
80561,1802,78758,0,11,810
80561,1802,78759,0,11,810
80561,1802,78758,0,11,810
80561,1802,78759,0,11,810
80561,1802,78758,0,11,810
80561,1802,78759,0,11,810
80561,1802,78758,0,11,810
80561,1802,78758,0,11,810
80561,1802,78759,0,11,810
80561,1802,78759,0,11,810
80561,1801,78759,0,11,810
80561,1801,78760,0,11,810
80561,1801,78760,0,11,810
80561,1802,78759,0,11,810
80561,1802,78759,0,11,810
80561,1801,78759,0,11,810
80561,1802,78759,0,11,810
80561,1801,78760,0,11,810
80561,1801,78760,0,11,810
80561,1802,78758,0,11,810
80561,1803,78758,0,11,810
80561,1803,78758,0,11,810
80561,1803,78758,0,11,810
80561,1802,78758,0,11,810
80561,1802,78758,0,11,810
80561,1802,78759,0,11,810
80561,1802,78759,0,11,810
80561,1802,78759,0,11,810
80561,1803,78758,0,11,810
80561,1802,78759,0,11,810
80561,1802,78759,0,11,810
80561,1801,78759,0,11,810
80561,1802,78759,0,11,810
80561,1803,78758,0,11,810
80561,1802,78758,0,11,810
80561,1804,78757,0,11,810
80561,1804,78757,0,11,810
80561,1804,78757,0,11,810
80561,1804,78757,0,11,810
80561,1804,78757,0,11,810
80561,1804,78757,0,11,810
80561,1804,78757,0,11,810
80561,1804,78757,0,11,810
80561,1803,78758,0,11,810
80561,1803,78758,0,11,810
80561,1803,78758,0,11,810
80561,1803,78757,0,11,810
80561,1804,78757,0,11,810
80561,1805,78756,0,11,810
80561,1805,78756,0,11,810
80561,1805,78755,0,11,810
80561,1806,78755,0,11,810
80561,1805,78755,0,11,810
80561,1805,78755,0,11,810
80561,1805,78756,0,11,810
80561,1805,78756,0,11,810
80561,1805,78756,0,11,810
80561,1805,78756,0,11,810
80561,1805,78756,0,11,810
80561,1806,78755,0,11,810
80561,1805,78755,0,11,810
80561,1805,78755,0,11,810
80561,1806,78755,0,11,810
80561,1806,78755,0,11,810
80561,1805,78755,0,11,810
80561,1806,78755,0,11,810
80561,1805,78756,0,11,810
80561,1806,78755,0,11,810
80561,1805,78756,0,11,810
80561,1805,78755,0,11,810
80561,1805,78755,0,11,810
80561,1806,78755,0,11,810
80561,1806,78755,0,11,810
80561,1806,78755,0,11,810
80561,1806,78755,0,11,810
80561,1806,78754,0,11,810
80561,1806,78755,0,11,810
80561,1806,78754,0,11,810
80561,1806,78754,0,11,810
80561,1807,78754,0,11,810
80561,1806,78755,0,11,810
80561,1806,78754,0,11,810
80561,1806,78755,0,11,810
80561,1806,78755,0,11,810
80561,1806,78755,0,11,810
80561,1806,78755,0,11,810
80561,1806,78755,0,11,810
80561,1806,78755,0,11,810
80561,1806,78755,0,11,810
80561,1806,78754,0,11,810
80561,1806,78755,0,11,810
80561,1806,78755,0,11,810
80561,1806,78755,0,11,810
80561,1806,78755,0,11,810
80561,1806,78755,0,11,810
80561,1806,78755,0,11,810
80561,1805,78756,0,11,810
80561,1806,78755,0,11,810
80561,1805,78755,0,11,810
80561,1805,78755,0,11,810
80561,1805,78755,0,11,810
80561,1805,78756,0,11,810
80561,1805,78756,0,11,810
80561,1805,78755,0,11,810
80561,1805,78756,0,11,810
80561,1805,78755,0,11,810
80561,1806,78754,0,11,810
80561,1807,78754,0,11,810
80561,1806,78754,0,11,810
80561,1807,78754,0,11,810
80561,1806,78754,0,11,810
80561,1806,78754,0,11,810
80561,1806,78755,0,11,810
80561,1806,78754,0,11,810
80561,1806,78755,0,11,810
80561,1806,78755,0,11,810
80561,1806,78755,0,11,810
80561,1806,78755,0,11,810
80561,1806,78755,0,11,810
80561,1807,78754,0,11,810
80561,1806,78755,0,11,810
80561,1806,78755,0,11,810
80561,1806,78755,0,11,810
80561,1806,78755,0,11,810
80561,1806,78755,0,11,810
80561,1806,78755,0,11,810
80561,1805,78756,0,11,810
80561,1805,78755,0,11,810
80561,1805,78756,0,11,810
80561,1806,78755,0,11,810
80561,1805,78755,0,11,810
80561,1805,78755,0,11,810
80561,1805,78755,0,11,810
80561,1805,78755,0,11,810
80561,1806,78755,0,11,810
80561,1806,78755,0,11,810
80561,1806,78755,0,11,810
80561,1806,78754,0,11,810
80561,1806,78755,0,11,810
80561,1806,78755,0,11,810
80561,1805,78755,0,11,810
80561,1806,78755,0,11,810
80561,1805,78755,0,11,810
80561,1805,78756,0,11,810
80561,1805,78756,0,11,810
80561,1805,78755,0,11,810
80561,1804,78756,0,11,810
80561,1804,78756,0,11,810
80561,1804,78756,0,11,810
80561,1805,78756,0,11,810
80561,1804,78756,0,11,810
80561,1804,78757,0,11,810
80561,1804,78757,0,11,810
80561,1804,78757,0,11,810
80561,1803,78758,0,11,810
80561,1804,78757,0,11,810
80561,1803,78758,0,11,810
80561,1803,78758,0,11,810
80561,1804,78757,0,11,810
80561,1803,78757,0,11,810
80561,1803,78758,0,11,810
80561,1802,78758,0,11,810
80561,1802,78758,0,11,810
80561,1802,78758,0,11,810
80561,1802,78758,0,11,810
80561,1803,78758,0,11,810
80561,1802,78758,0,11,810
80561,1803,78758,0,11,810
80561,1802,78758,0,11,810
80561,1803,78757,0,11,810
80561,1803,78758,0,11,810
80561,1803,78758,0,11,810
80561,1803,78758,0,11,810
80561,1802,78759,0,11,810
80561,1802,78759,0,11,810
80561,1802,78759,0,11,810
80561,1802,78759,0,11,810
80561,1801,78759,0,11,810
80561,1801,78760,0,11,810
80561,1801,78760,0,11,810
80561,1801,78760,0,11,810
80561,1801,78760,0,11,810
80561,1801,78760,0,11,810
80561,1801,78760,0,11,810
80561,1801,78760,0,11,810
80561,1800,78760,0,11,810
80561,1800,78760,0,11,810
80561,1800,78760,0,11,810
80561,1800,78760,0,11,810
80561,1800,78761,0,11,810
80561,1800,78760,0,11,810
80561,1800,78761,0,11,810
80561,1800,78761,0,11,810
80561,1800,78760,0,11,810
80561,1800,78761,0,11,810
80561,1800,78761,0,11,810
80561,1800,78761,0,11,810
80561,1799,78761,0,11,810
80561,1799,78761,0,11,810
80561,1800,78761,0,11,810
80561,1800,78761,0,11,810
80561,1800,78761,0,11,810
80561,1800,78760,0,11,810
80561,1799,78761,0,11,810
80561,1799,78761,0,11,810
80561,1799,78762,0,11,810
80561,1799,78761,0,11,810
80561,1799,78762,0,11,810
80561,1799,78761,0,11,810
80561,1799,78761,0,11,810
80561,1800,78761,0,11,810
80561,1800,78761,0,11,810
80561,1800,78761,0,11,810
80561,1800,78761,0,11,810
80561,1799,78761,0,11,810
